[{"model": "admin.logentry", "pk": 1, "fields": {"action_time": "2022-05-16T14:03:28.956Z", "user": 1, "content_type": 7, "object_id": "1", "object_repr": "hidow.example.com", "action_flag": 2, "change_message": "[{\"changed\": {\"fields\": [\"Domain name\", \"Display name\"]}}]"}}, {"model": "admin.logentry", "pk": 2, "fields": {"action_time": "2022-05-16T14:11:50.961Z", "user": 1, "content_type": 8, "object_id": "1", "object_repr": "tamirgenkin@gmail.com", "action_flag": 1, "change_message": "[{\"added\": {}}]"}}, {"model": "admin.logentry", "pk": 3, "fields": {"action_time": "2022-05-19T12:27:32.805Z", "user": 1, "content_type": 13, "object_id": "1", "object_repr": "devices", "action_flag": 1, "change_message": "[{\"added\": {}}]"}}, {"model": "admin.logentry", "pk": 4, "fields": {"action_time": "2022-05-19T12:28:29.666Z", "user": 1, "content_type": 13, "object_id": "2", "object_repr": "accessories", "action_flag": 1, "change_message": "[{\"added\": {}}]"}}, {"model": "admin.logentry", "pk": 5, "fields": {"action_time": "2022-05-19T12:28:44.460Z", "user": 1, "content_type": 13, "object_id": "3", "object_repr": "pads", "action_flag": 1, "change_message": "[{\"added\": {}}]"}}, {"model": "admin.logentry", "pk": 6, "fields": {"action_time": "2022-05-19T12:29:28.667Z", "user": 1, "content_type": 13, "object_id": "4", "object_repr": "lifetime_ warranty", "action_flag": 1, "change_message": "[{\"added\": {}}]"}}, {"model": "admin.logentry", "pk": 7, "fields": {"action_time": "2022-05-19T12:37:32.847Z", "user": 1, "content_type": 14, "object_id": "1", "object_repr": "XP", "action_flag": 1, "change_message": "[{\"added\": {}}]"}}, {"model": "admin.logentry", "pk": 8, "fields": {"action_time": "2022-05-19T12:44:34.420Z", "user": 1, "content_type": 14, "object_id": "1", "object_repr": "XP", "action_flag": 2, "change_message": "[]"}}, {"model": "admin.logentry", "pk": 9, "fields": {"action_time": "2022-05-19T13:46:00.406Z", "user": 1, "content_type": 14, "object_id": "1", "object_repr": "XP", "action_flag": 2, "change_message": "[]"}}, {"model": "admin.logentry", "pk": 10, "fields": {"action_time": "2022-05-20T06:43:58.012Z", "user": 1, "content_type": 14, "object_id": "2", "object_repr": "XPD12", "action_flag": 1, "change_message": "[{\"added\": {}}]"}}, {"model": "admin.logentry", "pk": 11, "fields": {"action_time": "2022-05-20T07:03:24.633Z", "user": 1, "content_type": 14, "object_id": "3", "object_repr": "XPDS18", "action_flag": 1, "change_message": "[{\"added\": {}}]"}}, {"model": "admin.logentry", "pk": 12, "fields": {"action_time": "2022-05-20T07:03:27.776Z", "user": 1, "content_type": 14, "object_id": "4", "object_repr": "XPDS18", "action_flag": 1, "change_message": "[{\"added\": {}}]"}}, {"model": "admin.logentry", "pk": 13, "fields": {"action_time": "2022-05-20T07:03:52.880Z", "user": 1, "content_type": 14, "object_id": "3", "object_repr": "XPDS18", "action_flag": 3, "change_message": ""}}, {"model": "admin.logentry", "pk": 14, "fields": {"action_time": "2022-05-20T07:04:19.471Z", "user": 1, "content_type": 14, "object_id": "2", "object_repr": "XPD12", "action_flag": 2, "change_message": "[{\"changed\": {\"fields\": [\"Image url\"]}}]"}}, {"model": "admin.logentry", "pk": 15, "fields": {"action_time": "2022-05-20T07:05:54.387Z", "user": 1, "content_type": 14, "object_id": "5", "object_repr": "Wireless", "action_flag": 1, "change_message": "[{\"added\": {}}]"}}, {"model": "admin.logentry", "pk": 16, "fields": {"action_time": "2022-05-20T07:07:26.795Z", "user": 1, "content_type": 14, "object_id": "6", "object_repr": "Acubelt", "action_flag": 1, "change_message": "[{\"added\": {}}]"}}, {"model": "admin.logentry", "pk": 17, "fields": {"action_time": "2022-05-20T07:08:21.764Z", "user": 1, "content_type": 14, "object_id": "7", "object_repr": "Slippers", "action_flag": 1, "change_message": "[{\"added\": {}}]"}}, {"model": "admin.logentry", "pk": 18, "fields": {"action_time": "2022-05-20T07:09:34.873Z", "user": 1, "content_type": 14, "object_id": "8", "object_repr": "Acuelbow", "action_flag": 1, "change_message": "[{\"added\": {}}]"}}, {"model": "admin.logentry", "pk": 19, "fields": {"action_time": "2022-05-20T07:10:32.159Z", "user": 1, "content_type": 14, "object_id": "9", "object_repr": "Acugloves", "action_flag": 1, "change_message": "[{\"added\": {}}]"}}, {"model": "admin.logentry", "pk": 20, "fields": {"action_time": "2022-05-20T07:11:50.630Z", "user": 1, "content_type": 14, "object_id": "10", "object_repr": "Acusocks", "action_flag": 1, "change_message": "[{\"added\": {}}]"}}, {"model": "admin.logentry", "pk": 21, "fields": {"action_time": "2022-05-20T07:12:11.514Z", "user": 1, "content_type": 14, "object_id": "10", "object_repr": "Acusocks", "action_flag": 2, "change_message": "[{\"changed\": {\"fields\": [\"Image\"]}}]"}}, {"model": "admin.logentry", "pk": 22, "fields": {"action_time": "2022-05-20T07:12:28.358Z", "user": 1, "content_type": 14, "object_id": "8", "object_repr": "Acuelbow", "action_flag": 2, "change_message": "[{\"changed\": {\"fields\": [\"Sku\"]}}]"}}, {"model": "admin.logentry", "pk": 23, "fields": {"action_time": "2022-05-20T07:13:25.384Z", "user": 1, "content_type": 14, "object_id": "11", "object_repr": "Acuwrist", "action_flag": 1, "change_message": "[{\"added\": {}}]"}}, {"model": "admin.logentry", "pk": 24, "fields": {"action_time": "2022-05-20T07:14:26.683Z", "user": 1, "content_type": 14, "object_id": "12", "object_repr": "Acuneck", "action_flag": 1, "change_message": "[{\"added\": {}}]"}}, {"model": "admin.logentry", "pk": 25, "fields": {"action_time": "2022-05-20T07:15:41.634Z", "user": 1, "content_type": 14, "object_id": "13", "object_repr": "Acushoulder", "action_flag": 1, "change_message": "[{\"added\": {}}]"}}, {"model": "admin.logentry", "pk": 26, "fields": {"action_time": "2022-05-20T07:17:06.238Z", "user": 1, "content_type": 14, "object_id": "14", "object_repr": "Akuknee", "action_flag": 1, "change_message": "[{\"added\": {}}]"}}, {"model": "admin.logentry", "pk": 27, "fields": {"action_time": "2022-05-20T07:19:19.924Z", "user": 1, "content_type": 14, "object_id": "15", "object_repr": "Perfect Spray", "action_flag": 1, "change_message": "[{\"added\": {}}]"}}, {"model": "admin.logentry", "pk": 28, "fields": {"action_time": "2022-05-20T07:21:28.789Z", "user": 1, "content_type": 14, "object_id": "16", "object_repr": "Jumbo Pad", "action_flag": 1, "change_message": "[{\"added\": {}}]"}}, {"model": "admin.logentry", "pk": 29, "fields": {"action_time": "2022-05-20T07:22:37.106Z", "user": 1, "content_type": 14, "object_id": "17", "object_repr": "XL pads", "action_flag": 1, "change_message": "[{\"added\": {}}]"}}, {"model": "admin.logentry", "pk": 30, "fields": {"action_time": "2022-05-20T07:23:34.824Z", "user": 1, "content_type": 14, "object_id": "18", "object_repr": "Large Pads", "action_flag": 1, "change_message": "[{\"added\": {}}]"}}, {"model": "admin.logentry", "pk": 31, "fields": {"action_time": "2022-05-20T07:25:05.833Z", "user": 1, "content_type": 14, "object_id": "19", "object_repr": "Mix Pack of Pads", "action_flag": 1, "change_message": "[{\"added\": {}}]"}}, {"model": "admin.logentry", "pk": 32, "fields": {"action_time": "2022-05-20T07:26:27.065Z", "user": 1, "content_type": 14, "object_id": "20", "object_repr": "Lifetime Warranty Card", "action_flag": 1, "change_message": "[{\"added\": {}}]"}}, {"model": "admin.logentry", "pk": 33, "fields": {"action_time": "2022-05-20T08:08:21.497Z", "user": 1, "content_type": 13, "object_id": "5", "object_repr": "devices", "action_flag": 1, "change_message": "[{\"added\": {}}]"}}, {"model": "admin.logentry", "pk": 34, "fields": {"action_time": "2022-05-20T08:08:52.292Z", "user": 1, "content_type": 13, "object_id": "1", "object_repr": "devices", "action_flag": 2, "change_message": "[{\"changed\": {\"fields\": [\"Friendly name\"]}}]"}}, {"model": "admin.logentry", "pk": 35, "fields": {"action_time": "2022-05-20T08:09:55.006Z", "user": 1, "content_type": 13, "object_id": "5", "object_repr": "devices", "action_flag": 2, "change_message": "[{\"changed\": {\"fields\": [\"Friendly name\"]}}]"}}, {"model": "admin.logentry", "pk": 36, "fields": {"action_time": "2022-05-20T08:09:59.699Z", "user": 1, "content_type": 13, "object_id": "1", "object_repr": "devices", "action_flag": 3, "change_message": ""}}, {"model": "admin.logentry", "pk": 37, "fields": {"action_time": "2022-05-20T08:11:07.992Z", "user": 1, "content_type": 13, "object_id": "5", "object_repr": "devices", "action_flag": 2, "change_message": "[{\"changed\": {\"fields\": [\"Friendly name\"]}}]"}}, {"model": "admin.logentry", "pk": 38, "fields": {"action_time": "2022-05-20T08:12:26.593Z", "user": 1, "content_type": 13, "object_id": "5", "object_repr": "devices", "action_flag": 2, "change_message": "[]"}}, {"model": "admin.logentry", "pk": 39, "fields": {"action_time": "2022-05-20T08:12:45.214Z", "user": 1, "content_type": 14, "object_id": "1", "object_repr": "XP", "action_flag": 2, "change_message": "[{\"changed\": {\"fields\": [\"Category\"]}}]"}}, {"model": "admin.logentry", "pk": 40, "fields": {"action_time": "2022-05-20T08:12:57.123Z", "user": 1, "content_type": 14, "object_id": "2", "object_repr": "XPD12", "action_flag": 2, "change_message": "[{\"changed\": {\"fields\": [\"Category\"]}}]"}}, {"model": "admin.logentry", "pk": 41, "fields": {"action_time": "2022-05-20T08:13:04.326Z", "user": 1, "content_type": 14, "object_id": "5", "object_repr": "Wireless", "action_flag": 2, "change_message": "[{\"changed\": {\"fields\": [\"Category\"]}}]"}}, {"model": "admin.logentry", "pk": 42, "fields": {"action_time": "2022-05-20T08:13:12.167Z", "user": 1, "content_type": 14, "object_id": "2", "object_repr": "XPD12", "action_flag": 2, "change_message": "[]"}}, {"model": "admin.logentry", "pk": 43, "fields": {"action_time": "2022-05-20T08:13:46.676Z", "user": 1, "content_type": 14, "object_id": "4", "object_repr": "XPDS18", "action_flag": 2, "change_message": "[{\"changed\": {\"fields\": [\"Category\"]}}]"}}, {"model": "admin.logentry", "pk": 44, "fields": {"action_time": "2022-05-20T08:18:21.723Z", "user": 1, "content_type": 13, "object_id": "4", "object_repr": "lifetime_ warranty", "action_flag": 2, "change_message": "[{\"changed\": {\"fields\": [\"Friendly name\"]}}]"}}, {"model": "admin.logentry", "pk": 45, "fields": {"action_time": "2022-05-20T08:18:35.175Z", "user": 1, "content_type": 14, "object_id": "20", "object_repr": "Lifetime Warranty Card", "action_flag": 2, "change_message": "[]"}}, {"model": "admin.logentry", "pk": 46, "fields": {"action_time": "2022-05-20T08:20:13.948Z", "user": 1, "content_type": 14, "object_id": "20", "object_repr": "Lifetime Warranty Card", "action_flag": 2, "change_message": "[]"}}, {"model": "admin.logentry", "pk": 47, "fields": {"action_time": "2022-05-20T08:34:23.294Z", "user": 1, "content_type": 14, "object_id": "1", "object_repr": "XP", "action_flag": 2, "change_message": "[{\"changed\": {\"fields\": [\"Image\"]}}]"}}, {"model": "admin.logentry", "pk": 48, "fields": {"action_time": "2022-05-20T09:04:12.223Z", "user": 1, "content_type": 13, "object_id": "5", "object_repr": "devices", "action_flag": 2, "change_message": "[{\"changed\": {\"fields\": [\"Friendly name\"]}}]"}}, {"model": "admin.logentry", "pk": 49, "fields": {"action_time": "2022-05-20T09:04:22.882Z", "user": 1, "content_type": 14, "object_id": "1", "object_repr": "XP", "action_flag": 2, "change_message": "[]"}}, {"model": "admin.logentry", "pk": 50, "fields": {"action_time": "2022-05-20T09:04:30.348Z", "user": 1, "content_type": 14, "object_id": "2", "object_repr": "XPD12", "action_flag": 2, "change_message": "[]"}}, {"model": "admin.logentry", "pk": 51, "fields": {"action_time": "2022-05-20T09:04:36.808Z", "user": 1, "content_type": 14, "object_id": "4", "object_repr": "XPDS18", "action_flag": 2, "change_message": "[]"}}, {"model": "admin.logentry", "pk": 52, "fields": {"action_time": "2022-05-20T09:04:40.851Z", "user": 1, "content_type": 14, "object_id": "5", "object_repr": "Wireless", "action_flag": 2, "change_message": "[]"}}, {"model": "admin.logentry", "pk": 53, "fields": {"action_time": "2022-05-20T09:08:11.316Z", "user": 1, "content_type": 14, "object_id": "16", "object_repr": "Jumbo Pads", "action_flag": 2, "change_message": "[{\"changed\": {\"fields\": [\"Name\"]}}]"}}, {"model": "admin.logentry", "pk": 54, "fields": {"action_time": "2022-05-27T10:00:15.204Z", "user": 1, "content_type": 16, "object_id": "1", "object_repr": "0AA3B0C8245B4C8B91AD4CA7B63A59C5", "action_flag": 3, "change_message": ""}}, {"model": "admin.logentry", "pk": 55, "fields": {"action_time": "2022-05-29T13:44:22.126Z", "user": 1, "content_type": 14, "object_id": "23", "object_repr": "test2", "action_flag": 3, "change_message": ""}}, {"model": "admin.logentry", "pk": 56, "fields": {"action_time": "2022-05-29T13:44:22.128Z", "user": 1, "content_type": 14, "object_id": "22", "object_repr": "test2", "action_flag": 3, "change_message": ""}}, {"model": "admin.logentry", "pk": 57, "fields": {"action_time": "2022-05-29T13:44:22.129Z", "user": 1, "content_type": 14, "object_id": "21", "object_repr": "test", "action_flag": 3, "change_message": ""}}, {"model": "auth.user", "pk": 1, "fields": {"password": "pbkdf2_sha256$260000$FXLmhKjhF1ae3O5Mpz8MXQ$cOfHqVaqbpcakom3QSZTgM4D6uNAqJakPZVqiB+6HQE=", "last_login": "2022-05-29T13:44:09.517Z", "is_superuser": true, "username": "tamir", "first_name": "", "last_name": "", "email": "", "is_staff": true, "is_active": true, "date_joined": "2022-05-16T13:41:03.877Z", "groups": [], "user_permissions": []}}, {"model": "auth.user", "pk": 2, "fields": {"password": "pbkdf2_sha256$260000$QoFWwMhVrvG7lupwJeqy37$vxUUF6g0g3g7IvZibGVCIrS7EB6dLzzRODE+G0Q2vpU=", "last_login": "2022-05-29T11:24:43.422Z", "is_superuser": false, "username": "test", "first_name": "", "last_name": "", "email": "test@gmail.com", "is_staff": false, "is_active": true, "date_joined": "2022-05-28T14:36:14.038Z", "groups": [], "user_permissions": []}}, {"model": "auth.user", "pk": 3, "fields": {"password": "pbkdf2_sha256$260000$K3efrZKHruk54RmrZlbg2Q$g0ietYYkYpe/jZynlgFUHmJL6mqYwIMZB4pWj5ZimvI=", "last_login": null, "is_superuser": false, "username": "test2", "first_name": "", "last_name": "", "email": "test2@gmail.com", "is_staff": false, "is_active": true, "date_joined": "2022-05-29T10:32:07.061Z", "groups": [], "user_permissions": []}}, {"model": "sessions.session", "pk": "8ap3p02cbd3yur1pf4u3kgsm8buqvvcv", "fields": {"session_data": "eyJzYXZlX2luZm8iOmZhbHNlfQ:1nvGPc:Jbv4wtPIB9THiHWMJjWO7FBZcXaD4NOdQeLNQsUO8ZI", "expire_date": "2022-06-12T10:44:44.071Z"}}, {"model": "sessions.session", "pk": "p7e9cayg4qyn92ryp0o7spimlnxwlo61", "fields": {"session_data": ".eJxVjM0OwiAQhN-FsyH8FIoevfsMZNllpWogKe3J-O62SQ96m8z3zbxFhHUpce15jhOJi9Di9NslwGeuO6AH1HuT2OoyT0nuijxol7dG-XU93L-DAr1sa3ZwTuwVIDPpoC36YDgZ9sFB8BZD3jLaMaSBtR-1SaAHYwmdQkVKfL7_mjgp:1nvKSn:ej-UPeURom1OvDV-_9KliRZRWzOH5AoOUSBtIIiVQLM", "expire_date": "2022-06-12T15:04:17.809Z"}}, {"model": "sessions.session", "pk": "snh5rlemkdyhmay4mgnoghr4tyj5ii2e", "fields": {"session_data": "eyJzYXZlX2luZm8iOmZhbHNlfQ:1nvH7a:02E_k6gjfbL6P1MH6WwLBDR9qtW4ttGqK-bXXQiqMnY", "expire_date": "2022-06-12T11:30:10.073Z"}}, {"model": "sessions.session", "pk": "uwxgeu8rzx2u1lu4nzyqbnj4qq118wni", "fields": {"session_data": "eyJiYWciOnsiNyI6MSwiOCI6Mn19:1ntUmk:hAfVFYgKbNwOvUiewm2ejqNwqKs3scQpC4gHPNGPgvY", "expire_date": "2022-06-07T13:41:18.682Z"}}, {"model": "sessions.session", "pk": "v5jvc9ivjh1434h6a8hdsweqg4u72d0f", "fields": {"session_data": "e30:1nuxV9:9ZFYOqs4sdWL3Ie8cMya67iY_bipYDY-1NmBK2uf7oU", "expire_date": "2022-06-11T14:33:11.628Z"}}, {"model": "sessions.session", "pk": "xjdeurquf710gusu0027v8v4aq7kqs63", "fields": {"session_data": ".eJxVjMsKgzAURP_lriXkoTHNsvt-Q7h5adqSFKPQIv57FVy0u2HmzFnB4DKPZqlhMsmDBgbNb2fRPUI-Bn_HPBTiSp6nZMmBkHOt5FZ8eF5P9k8wYh33d-zwYqOk6GL0TDHhpOLR8ihVh0oKp8KeneiVbSOTPeMWWcuFdx111NNDWkOtqWQT3q80fUDTBiwOoFfoQbMGOGi-bV_Pc0Qm:1ntUWY:skZqzzrSTFYicZy1zpwBiaLjJf6WGh99OESsrWTv6zE", "expire_date": "2022-06-07T13:24:34.985Z"}}, {"model": "sites.site", "pk": 1, "fields": {"domain": "hidow.example.com", "name": "Hidow"}}, {"model": "account.emailaddress", "pk": 1, "fields": {"user": 1, "email": "tamirgenkin@gmail.com", "verified": true, "primary": true}}, {"model": "account.emailaddress", "pk": 2, "fields": {"user": 2, "email": "test@gmail.com", "verified": true, "primary": true}}, {"model": "account.emailaddress", "pk": 3, "fields": {"user": 3, "email": "test2@gmail.com", "verified": false, "primary": true}}, {"model": "products.category", "pk": 2, "fields": {"name": "accessories", "friendly_name": "Accessories"}}, {"model": "products.category", "pk": 3, "fields": {"name": "pads", "friendly_name": "Pads"}}, {"model": "products.category", "pk": 4, "fields": {"name": "lifetime_ warranty", "friendly_name": "Lifetime Warranty"}}, {"model": "products.category", "pk": 5, "fields": {"name": "devices", "friendly_name": "Devices"}}, {"model": "products.product", "pk": 1, "fields": {"category": 5, "sku": "1", "name": "XP", "description": "The Acu XP micro is perfect for those who are serious about relief, but beginners with the technology. It offers the main therapies and just a few extras and still has a dual output for larger or multiple treatment areas.\r\n\r\nIncluded in this package:\r\n– AcuXP Micro device\r\n– 1 set of large single-sided adhesive electrode pads 2 ½ inches (round shape)\r\n– 1 set of small single-sided adhesive electrode pads 1 ¾ inch (small oval shape)\r\n– 2 Electrode Wires\r\n– AC/DC Adapter (travel charger)\r\n– USB Cable\r\n– User Manual", "has_sizes": false, "price": "100.00", "rating": null, "image_url": "https://github.com/tamirgen/hidow/blob/main/media/XP-Micro-Device.jpg", "image": "XP-Micro-Device_2pqiccF.jpg"}}, {"model": "products.product", "pk": 2, "fields": {"category": 5, "sku": "2", "name": "XPD12", "description": "The new and improved XPD12 is a powerhouse when it comes to value. 6 pain relief (TENS) and 6 muscle enhancement (EMS) functions make it one of the most popular units in the HiDow lineup.\r\n\r\nFeatures:\r\n– 12 modes (6 TENS, 6 EMS)\r\n– 2 output channels (same modality used on both, differing intensity per output)\r\n– adjustable timer\r\n– backlit LCD display\r\n– built-in rechargeable lithium battery\r\n– 2-year warranty", "has_sizes": false, "price": "199.00", "rating": null, "image_url": "https://github.com/tamirgen/hidow/blob/main/media/XPD12-Device_edszhwI.jpg", "image": "XPD12-Device_edszhwI.jpg"}}, {"model": "products.product", "pk": 4, "fields": {"category": 5, "sku": "3", "name": "XPDS18", "description": "HiDow’s latest and most advanced model of wired devices for muscle recovery and pain relief, the XPDS 18. Take your EMS experience to the next level with 6 new modes and functions.\r\n\r\nFeatures:\r\n\r\n18 pre-set multi-stim modes (TENS and EMS)\r\ndual port (A and B)\r\nindependent control per port: intensity and modality\r\nself-timer: 10-60 minutes\r\n20 intensity levels\r\nlong-lasting rechargeable lithium battery: 10+ hours of use\r\ncompact, lightweight, and portable", "has_sizes": false, "price": "299.00", "rating": null, "image_url": "https://github.com/tamirgen/hidow/blob/main/media/Hidow-XPDS-18-Device.jpg", "image": "Hidow-XPDS-18-Device_8pJAvJL.jpg"}}, {"model": "products.product", "pk": 5, "fields": {"category": 5, "sku": "4", "name": "Wireless", "description": "Introducing HiDow’s newest multi-stim model, the Pro Touch Wireless 6-12 is a premium electronic muscle stimulator without the hassle of wires.\r\n\r\nNow you can experience Transcutaneous Electrical Nerve Stimulation (TENS) and Electrical Muscle Stimulation (EMS) on the go, during any exercise or workout, all in the comfort of your own space while wearing any clothing comfortably overtop.\r\n\r\nFeatures:\r\n\r\nTouchscreen remote (our 12 most popular TENS and EMS modes)\r\n6 Wireless Receivers Capacity (2 included in your original package)\r\nStrategically designed with state-of-the-art medical grade and fitness technology, the Pro Touch Wireless 6-12 moves with your body while still stimulating muscle impulses and targeting nerve receptors.\r\n\r\nIncluded in this package:\r\n1 x Pro Touch Wireless remote\r\n2 x Wireless receivers (#1 and #2)\r\n1 x lower back electrode gel pad\r\n1 x set of L & 1 x set XL electrode gel pads\r\n1 x Dual AC Adapter\r\n2 x USB charging cables\r\n1 x set of ear clips\r\n2 x 8″ Wires\r\n1 x User Manual\r\n1 x Warranty registration card", "has_sizes": false, "price": "699.00", "rating": null, "image_url": "https://github.com/tamirgen/hidow/blob/main/media/Hidow-Pro-Touch-Device.jpg", "image": "Hidow-Pro-Touch-Device_yAl06GO.jpg"}}, {"model": "products.product", "pk": 6, "fields": {"category": 2, "sku": "11", "name": "Acubelt", "description": "The belt-style cutaneous garment electrodes are intended to be used with all HiDow electrical stimulating devices. The package includes 2 straps of different lengths that allow you to place the belt-style garment electrodes on various areas. It may be used on the lower back area with the longer strap and legs and arms using the shorter strap. The straps may also be connected to extend the length of the strap if needed.\r\n\r\nThe belt-style cutaneous garment electrodes will deliver the stimulation signals generated by the HiDow stimulator to the body surface with which they are in contact. The garment electrodes are made up of conductive silicone rubber.\r\n\r\nCompatible with all HiDow devices, the Acu Belt allows users to place electrodes on hard-to-reach areas without others’ support. It is designed to fit most users.\r\n\r\nIncluded in this package:\r\n1 AcuBelt\r\n2 Velcro Straps: Small (11.5-inch length), Large (2 ft. 11-inch length)\r\n1 sample size 5 ml of our Perfect Ion Conductor Spray", "has_sizes": false, "price": "49.00", "rating": null, "image_url": "https://github.com/tamirgen/hidow/blob/main/media/Acubelt-addon.jpg", "image": "Acubelt-addon_Rl2gouy.jpg"}}, {"model": "products.product", "pk": 7, "fields": {"category": 2, "sku": "12", "name": "Slippers", "description": "The Foot Accessory cutaneous electrodes are intended to be used with all HiDow electrical stimulating devices.\r\n\r\nThe cutaneous Foot Accessory electrodes will deliver the stimulation signals generated by the HiDow stimulator to the bottom of the feet with which they are in contact.\r\n\r\nOne size fits most, not made for walking. Please enjoy while seated.", "has_sizes": false, "price": "29.00", "rating": null, "image_url": "https://github.com/tamirgen/hidow/blob/main/media/HiDow-ACU-Slippers-addon.jpg", "image": "HiDow-ACU-Slippers-addon_gb3nrzX.jpg"}}, {"model": "products.product", "pk": 8, "fields": {"category": 2, "sku": "15", "name": "Acuelbow", "description": "The elbow-style cutaneous garment electrodes are intended to be used with all HiDow electrical stimulating devices.\r\n\r\nThe elbow-style cutaneous garment electrodes will deliver the stimulation signals generated by the stimulator to the body surface with which they are in contact. The garment electrodes are made up of conductive silicone rubber.\r\n\r\nUniversal – Works with all HiDow Devices.", "has_sizes": false, "price": "69.00", "rating": null, "image_url": "https://github.com/tamirgen/hidow/blob/main/media/HiDow-AcuElbow-addon.jpg", "image": "HiDow-AcuElbow-addon_FWh0Mg9.jpg"}}, {"model": "products.product", "pk": 9, "fields": {"category": 2, "sku": "13", "name": "Acugloves", "description": "The HiDow Glove style accessories are cutaneous electrodes intended to be used with HiDow TENS/EMS stimulating devices.\r\n\r\nThe glove accessory electrodes are non-sterile reusable OTC conductive garments that are intended to deliver the stimulation signals generated by the stimulator to the hands.\r\n\r\nIt is intended for adult use.\r\n\r\nThese one-size fits most gloves are light-weight, comfortable, and have unique stretchable material.", "has_sizes": false, "price": "69.00", "rating": null, "image_url": "https://github.com/tamirgen/hidow/blob/main/media/HiDow-AcuGloves-addon.jpg", "image": "HiDow-AcuGloves-addon_tPElBQa.jpg"}}, {"model": "products.product", "pk": 10, "fields": {"category": 2, "sku": "14", "name": "Acusocks", "description": "The HiDow Sock style accessories are cutaneous electrodes intended to be used with HiDow TENS/EMS stimulating devices.\r\n\r\nThe Sock accessory electrodes are non-sterile reusable OTC conductive garments intended to deliver the stimulation signals generated by the stimulator to the feet.\r\n\r\nAdult use only.\r\n\r\nUniversal. They will work with any HiDow device: wired or wireless.", "has_sizes": false, "price": "69.00", "rating": null, "image_url": "https://github.com/tamirgen/hidow/blob/main/media/HiDow-AcuSocks-addon.jpg", "image": "HiDow-AcuSocks-addon_Ml7MqCK.jpg"}}, {"model": "products.product", "pk": 11, "fields": {"category": 2, "sku": "16", "name": "Acuwrist", "description": "The wrist-style cutaneous garment electrodes are intended to be used with all HiDow electrical stimulating devices.\r\n\r\nThe wrist-style cutaneous garment electrodes will deliver the stimulation signals generated by the stimulator to the body surface with which they are in contact. The garment electrodes are made up of conductive silicone rubber.\r\n\r\nUniversal – Works with all HiDow Devices.", "has_sizes": false, "price": "69.00", "rating": null, "image_url": "https://github.com/tamirgen/hidow/blob/main/media/HiDow-AcuWrist-addon.jpg", "image": "HiDow-AcuWrist-addon_w2RLc9Y.jpg"}}, {"model": "products.product", "pk": 12, "fields": {"category": 2, "sku": "17", "name": "Acuneck", "description": "The neck style cutaneous garment electrodes are intended to be used with HiDow electrical stimulating devices.\r\n\r\nThe neck style cutaneous garment electrodes will deliver the stimulation signals generated by the stimulator to the body surface with which they are in contact. The garment electrodes are made up of conductive silicone rubber.", "has_sizes": false, "price": "59.00", "rating": null, "image_url": "https://github.com/tamirgen/hidow/blob/main/media/HiDow-Neck-Wrap-addon.jpg", "image": "HiDow-Neck-Wrap-addon_AnOIlDL.jpg"}}, {"model": "products.product", "pk": 13, "fields": {"category": 2, "sku": "18", "name": "Acushoulder", "description": "The shoulder style cutaneous garment electrodes are intended to be used with all HiDow electrical stimulating devices.\r\n\r\nThe shoulder style cutaneous garment electrodes will deliver the stimulation signals generated by the stimulator to the body surface with which they are in contact. The garment electrodes are made up of conductive silicone rubber.\r\n\r\nPackage Includes:\r\n\r\n1 Shoulder Wrap | 1 Conductor Spray | 1 Information Card for Conductor Spray", "has_sizes": false, "price": "99.00", "rating": null, "image_url": "https://github.com/tamirgen/hidow/blob/main/media/HiDow-Shoulder-Wrap-addon.jpg", "image": "HiDow-Shoulder-Wrap-addon_aaKBzZN.jpg"}}, {"model": "products.product", "pk": 14, "fields": {"category": 2, "sku": "19", "name": "Akuknee", "description": "The knee style cutaneous garment electrodes are intended to be used with all HiDow electrical stimulating devices.\r\n\r\nThe knee style cutaneous garment electrodes will deliver the stimulation signals generated by the stimulator to the body surface with which they are in contact. The garment electrodes are made up of conductive silicone rubber.\r\n\r\nPackage Includes:\r\n\r\n1 Knee Wrap | 1 Conductor Spray | 1 Information Card for Conductor Spray", "has_sizes": false, "price": "129.00", "rating": null, "image_url": "https://github.com/tamirgen/hidow/blob/main/media/Knee-Wrap-addon.jpg", "image": "Knee-Wrap-addon_v3CwvZu.jpg"}}, {"model": "products.product", "pk": 15, "fields": {"category": 2, "sku": "20", "name": "Perfect Spray", "description": "The Perfect Conductor Spray helps to extend the life of your pads and provides a boosted ion-enhanced sensation. Works great with all our premium accessories as well!\r\n\r\nThe 100 ml/ 3.4 oz bottle contains no grease or oils and is water-based with ion conductivity used by professionals.\r\n\r\nTry it with the AcuBelt, Pro Belt, and the AcuSlippers. It is also indispensable for all HiDow wraps: neck wrap, elbow wrap, wrist wrap, shoulder wrap, knee and foot wraps.", "has_sizes": false, "price": "19.00", "rating": null, "image_url": "https://github.com/tamirgen/hidow/blob/main/media/Spray-addon.jpg", "image": "Spray-addon_FTslWV1.jpg"}}, {"model": "products.product", "pk": 16, "fields": {"category": 3, "sku": "100", "name": "Jumbo Pads", "description": "This pad is excellent for fighting lower back pain! Also, it fits perfectly on larger muscle groups, like arms and legs.\r\n\r\nAreas of application:\r\n\r\nlower back\r\nbiceps\r\nquads\r\nabove the knee (for the most coverage)", "has_sizes": false, "price": "20.00", "rating": null, "image_url": "https://github.com/tamirgen/hidow/blob/main/media/Jambo-Pad.jpg", "image": "Jambo-Pad_Wcs6V3m.jpg"}}, {"model": "products.product", "pk": 17, "fields": {"category": 3, "sku": "101", "name": "XL pads", "description": "The HiDow Extra Large Pads are ideal for an all-purpose massage. Get the most out of your personal therapy session.\r\n\r\nSuitable for use with all HiDow devices.\r\n\r\nDimensions:\r\n\r\nTwo 3 ½” x 1 ¾” Pads", "has_sizes": false, "price": "15.00", "rating": null, "image_url": "https://github.com/tamirgen/hidow/blob/main/media/XL-Pad.jpg", "image": "XL-Pad_rDhDG8x.jpg"}}, {"model": "products.product", "pk": 18, "fields": {"category": 3, "sku": "102", "name": "Large Pads", "description": "The HiDow Large Pads are ideal for all-purpose massage.\r\n\r\nSuitable for use with all HiDow devices.\r\n\r\nDimensions:\r\n\r\nTwo 2.4″ x 2.4″ Pads", "has_sizes": false, "price": "10.00", "rating": null, "image_url": "https://github.com/tamirgen/hidow/blob/main/media/Large-Pad.jpg", "image": "Large-Pad_7ojOJiJ.jpg"}}, {"model": "products.product", "pk": 19, "fields": {"category": 3, "sku": "103", "name": "Mix Pack of Pads", "description": "We understand it is important to change out your pads for efficiency and sanitation, that is why Hidow has created a set of 2 or 3 of 5 mixed sized electrode pads packs at one great price. For your convenience, buy and bulk and save. Get the most out of your device by targeting the areas that need it the most.\r\n\r\nUniversal  – Suitable for use with all HiDow devices.\r\n\r\nExtend the life of your pads with the Perfect Conductor Spray to increase its longevity and to enhance the sensations for every use. Our water-based formula means no oils or residue left on top of the skin. To use, lightly spray the Perfect Conductor on an electrode or body wrap and enjoy the solution to pain management.\r\n\r\nDimensions:\r\n\r\nLarge Electrode Pads: circular 2.4” diameter (come as a pair)\r\n\r\nExtra Large Electrode Pads: rectangular 3 ½” x 1 ¾” (come as a pair)\r\n\r\nLower Back Electrode Pad: rounded rectangle 8 ¾” x 3 ½” (comes as single)\r\n\r\nPACKS:\r\n\r\n2 of each size – Total 6\r\n3 of each size – Total 9\r\n5 of each size – Total 15", "has_sizes": false, "price": "99.00", "rating": null, "image_url": "https://github.com/tamirgen/hidow/blob/main/media/Mixed-Pack-Pads.jpeg", "image": "Mixed-Pack-Pads_sHNoiQJ.jpeg"}}, {"model": "products.product", "pk": 20, "fields": {"category": 4, "sku": "200", "name": "Lifetime Warranty Card", "description": "All genuine HiDow TENS and EMS units come with a 2-year warranty that covers manufacturer defects.\r\n\r\nFor $49.00 you can upgrade to a worry-free, Lifetime Warranty that will cover your device for any manufacturer defects.\r\nThis VIP membership entitles the bearer to the following benefits:\r\n-Lifetime warranty service for your HiDow device*\r\n-Exclusive email offers and promotions\r\n-20% off all orders at www.hidow.com\r\n\r\n*covered: battery, channel ports, buttons, and device integrity under normal use.\r\n\r\n*accidental damage, such as screen damage, charging port damage, and water damage are considered out of terms.\r\n\r\n*we will replace your device with the same model you originally purchased.\r\n\r\n*parts of consumable nature, such as pads, wires, and cables are not covered under the warranty.\r\n\r\n* nominal processing fee may apply to all warranty claims.", "has_sizes": false, "price": "149.00", "rating": null, "image_url": "https://github.com/tamirgen/hidow/blob/main/media/Lifetime-Warranty.jpg", "image": "Lifetime-Warranty_xMKZ3sF.jpg"}}, {"model": "checkout.order", "pk": 2, "fields": {"order_number": "45351C7008DD4C6A8BA033F208431D84", "user_profile": null, "full_name": "jhj", "email": "kjkkj@kjkj.com", "phone_number": "uyuy", "country": "UY", "postcode": "uy", "town_or_city": "iuy", "street_address1": "u", "street_address2": "iuy", "county": "iuy", "date": "2022-05-27T10:02:52.742Z", "delivery_cost": "0.00", "order_total": "299.00", "grand_total": "299.00", "original_bag": "", "stripe_pid": ""}}, {"model": "checkout.order", "pk": 3, "fields": {"order_number": "26584FFD0FD94B6AA14B4002EF593E0A", "user_profile": null, "full_name": "hghhj", "email": "hghgh@gmail.com", "phone_number": "kjKjkK", "country": "kj", "postcode": "kj", "town_or_city": "kj", "street_address1": "k", "street_address2": "kj", "county": "k", "date": "2022-05-27T10:33:45.163Z", "delivery_cost": "0.00", "order_total": "393.00", "grand_total": "393.00", "original_bag": "", "stripe_pid": ""}}, {"model": "checkout.order", "pk": 4, "fields": {"order_number": "49485DFDFAFE4162B605CC7D861E5361", "user_profile": null, "full_name": "sdfsdf", "email": "dsfdsf@hjhj.com", "phone_number": "jhj", "country": "jh", "postcode": "jh", "town_or_city": "j", "street_address1": "j", "street_address2": "jhj", "county": "hj", "date": "2022-05-27T10:45:39.016Z", "delivery_cost": "0.00", "order_total": "199.00", "grand_total": "199.00", "original_bag": "", "stripe_pid": ""}}, {"model": "checkout.order", "pk": 5, "fields": {"order_number": "46907B3A1D07451EBA5B1F9FADE87714", "user_profile": null, "full_name": "dsfds", "email": "dsfdsf@hjhj.com", "phone_number": "j", "country": "jh", "postcode": "j", "town_or_city": "j", "street_address1": "jhj", "street_address2": "hj", "county": "j", "date": "2022-05-27T10:47:13.158Z", "delivery_cost": "0.00", "order_total": "299.00", "grand_total": "299.00", "original_bag": "", "stripe_pid": ""}}, {"model": "checkout.order", "pk": 6, "fields": {"order_number": "1EE096F6963440239DEE42727C2E1A8D", "user_profile": null, "full_name": "jjh", "email": "hjhj@jkjk.nom", "phone_number": "jkjj", "country": "US", "postcode": "hj", "town_or_city": "kjkj", "street_address1": "hgjhg", "street_address2": null, "county": "US", "date": "2022-05-27T11:53:02.155Z", "delivery_cost": "0.00", "order_total": "58.00", "grand_total": "58.00", "original_bag": "{\"7\": 2}", "stripe_pid": "pi_3L41hIDTTbEOeSX82XRsmbHn"}}, {"model": "checkout.order", "pk": 7, "fields": {"order_number": "0F3C68C3E77D46D687C7F41D249599D5", "user_profile": null, "full_name": "jhjhkj", "email": "hjhj@jkjk.nom", "phone_number": "KKJkJ", "country": "US", "postcode": "LKjLKj", "town_or_city": "klj", "street_address1": "lkj", "street_address2": "lkj", "county": "lkj", "date": "2022-05-27T12:01:38.883Z", "delivery_cost": "0.00", "order_total": "299.00", "grand_total": "299.00", "original_bag": "{\"4\": 1}", "stripe_pid": "pi_3L41qsDTTbEOeSX80pNXMAsp"}}, {"model": "checkout.order", "pk": 8, "fields": {"order_number": "3023FECC4A844D958098A5C91FFFAA39", "user_profile": null, "full_name": "jhjh", "email": "jhsdjfhds@kjhjh.com", "phone_number": "KLKJ", "country": "US", "postcode": "LKLKl", "town_or_city": "lkjk", "street_address1": "iiui", "street_address2": "iu", "county": "iu", "date": "2022-05-27T12:04:08.392Z", "delivery_cost": "0.00", "order_total": "207.00", "grand_total": "207.00", "original_bag": "{\"8\": 3}", "stripe_pid": "pi_3L41tADTTbEOeSX83bvoMRij"}}, {"model": "checkout.order", "pk": 9, "fields": {"order_number": "6590C49EBA9B46C5BCD82701544E7475", "user_profile": 2, "full_name": "uyuy", "email": "test@gmail.com", "phone_number": "1111111", "country": "DE", "postcode": null, "town_or_city": "Berlin", "street_address1": "rurur str. 2", "street_address2": null, "county": null, "date": "2022-05-28T15:38:45.197Z", "delivery_cost": "2.90", "order_total": "29.00", "grand_total": "31.90", "original_bag": "{\"7\": 1}", "stripe_pid": "pi_3L4RigDTTbEOeSX83K7TqZXj"}}, {"model": "checkout.order", "pk": 10, "fields": {"order_number": "406EC223A3D94938887220A51CFA9887", "user_profile": 2, "full_name": "test email", "email": "test@gmail.com", "phone_number": "1111111", "country": "DE", "postcode": null, "town_or_city": "Berlin", "street_address1": "rurur str. 2", "street_address2": null, "county": null, "date": "2022-05-28T16:04:05.294Z", "delivery_cost": "0.00", "order_total": "69.00", "grand_total": "69.00", "original_bag": "{\"8\": 1}", "stripe_pid": "pi_3L4S7DDTTbEOeSX80EY3jZJx"}}, {"model": "checkout.order", "pk": 11, "fields": {"order_number": "696A8FCB4ED04121A03374654C7EFF05", "user_profile": 2, "full_name": "tamir gen", "email": "test@gmail.com", "phone_number": "1111111", "country": "DE", "postcode": null, "town_or_city": "Berlin", "street_address1": "rurur str. 2", "street_address2": null, "county": null, "date": "2022-05-28T16:17:32.532Z", "delivery_cost": "0.00", "order_total": "299.00", "grand_total": "299.00", "original_bag": "{\"4\": 1}", "stripe_pid": "pi_3L4SK8DTTbEOeSX83JbVmiqy"}}, {"model": "checkout.order", "pk": 12, "fields": {"order_number": "0431B2EAA8AA45428D05EF345AD3FEB1", "user_profile": 2, "full_name": "tet tet", "email": "test@gmail.com", "phone_number": "1111111", "country": "DE", "postcode": null, "town_or_city": "Berlin", "street_address1": "rurur str. 2", "street_address2": null, "county": null, "date": "2022-05-29T10:08:26.533Z", "delivery_cost": "2.90", "order_total": "29.00", "grand_total": "31.90", "original_bag": "{\"7\": 1}", "stripe_pid": "pi_3L4j2JDTTbEOeSX81j8Ur2XY"}}, {"model": "checkout.order", "pk": 13, "fields": {"order_number": "65B46745EEBB457AA752CB68CF5D8B79", "user_profile": null, "full_name": "test", "email": "test@email.com", "phone_number": "55555555", "country": "FI", "postcode": null, "town_or_city": "test", "street_address1": "test", "street_address2": null, "county": null, "date": "2022-05-29T10:35:38.659Z", "delivery_cost": "0.00", "order_total": "697.00", "grand_total": "697.00", "original_bag": "{\"2\": 2, \"4\": 1}", "stripe_pid": "pi_3L4jSTDTTbEOeSX82ZirZGoM"}}, {"model": "checkout.order", "pk": 14, "fields": {"order_number": "0CDD1D987E9D4B6E9A50145808F1A8CF", "user_profile": 2, "full_name": "tete te", "email": "test@gmail.com", "phone_number": "1111111", "country": "DE", "postcode": null, "town_or_city": "Berlin", "street_address1": "rurur str. 2", "street_address2": null, "county": null, "date": "2022-05-29T10:39:57.651Z", "delivery_cost": "2.90", "order_total": "29.00", "grand_total": "31.90", "original_bag": "{\"7\": 1}", "stripe_pid": "pi_3L4jX3DTTbEOeSX83y9hNQC1"}}, {"model": "checkout.order", "pk": 15, "fields": {"order_number": "FF7D624AA6B24DC182B62E254C2CB517", "user_profile": null, "full_name": "Joe Bloggs", "email": "test@test.ie", "phone_number": "0871234567", "country": "IE", "postcode": "000000", "town_or_city": "dublin", "street_address1": "liffey valley", "street_address2": null, "county": "dublin", "date": "2022-05-29T10:44:44.024Z", "delivery_cost": "1.90", "order_total": "19.00", "grand_total": "20.90", "original_bag": "{\"15\": 1}", "stripe_pid": "pi_3L4jbmDTTbEOeSX82lmFEqDf"}}, {"model": "checkout.order", "pk": 16, "fields": {"order_number": "1A13D6D1996740ADADF368C897B78DBA", "user_profile": null, "full_name": "test", "email": "test@email.com", "phone_number": "55555555", "country": "AT", "postcode": null, "town_or_city": "test", "street_address1": "test", "street_address2": null, "county": null, "date": "2022-05-29T10:47:45.082Z", "delivery_cost": "0.00", "order_total": "199.00", "grand_total": "199.00", "original_bag": "{\"2\": 1}", "stripe_pid": "pi_3L4jeODTTbEOeSX81mm0HJgy"}}, {"model": "checkout.order", "pk": 17, "fields": {"order_number": "9509B2AB3DCB460FAE255B37AC4DAB99", "user_profile": null, "full_name": "test", "email": "test@email.com", "phone_number": "55555555", "country": "AU", "postcode": null, "town_or_city": "test", "street_address1": "test", "street_address2": null, "county": null, "date": "2022-05-29T11:07:09.399Z", "delivery_cost": "1.00", "order_total": "10.00", "grand_total": "11.00", "original_bag": "{\"18\": 1}", "stripe_pid": "pi_3L4jxGDTTbEOeSX82hryg7Qs"}}, {"model": "checkout.order", "pk": 18, "fields": {"order_number": "59CE02901F31485EB416BABD5FD75CF5", "user_profile": null, "full_name": "ttttt", "email": "ttttt@tttt.com", "phone_number": "JKLjkljLK", "country": "JM", "postcode": "jkl", "town_or_city": "kkl", "street_address1": "kj", "street_address2": "lkj", "county": "jlk", "date": "2022-05-29T11:08:16.542Z", "delivery_cost": "0.00", "order_total": "199.00", "grand_total": "199.00", "original_bag": "{\"2\": 1}", "stripe_pid": "pi_3L4jyEDTTbEOeSX83gZYBP1Z"}}, {"model": "checkout.order", "pk": 19, "fields": {"order_number": "2535A2484E014BEEADDA735DD9AF58B7", "user_profile": null, "full_name": "tes", "email": "test@email.com", "phone_number": "55555555", "country": "AM", "postcode": null, "town_or_city": "test", "street_address1": "test", "street_address2": null, "county": null, "date": "2022-05-29T11:12:02.260Z", "delivery_cost": "2.90", "order_total": "29.00", "grand_total": "31.90", "original_bag": "{\"7\": 1}", "stripe_pid": "pi_3L4k20DTTbEOeSX83vnwdjD6"}}, {"model": "checkout.order", "pk": 20, "fields": {"order_number": "8D359B61130845D8941C1C0365C62BC8", "user_profile": null, "full_name": "test", "email": "test@email.com", "phone_number": "55555555", "country": "BY", "postcode": null, "town_or_city": "test", "street_address1": "test", "street_address2": null, "county": null, "date": "2022-05-29T11:24:58.727Z", "delivery_cost": "1.00", "order_total": "10.00", "grand_total": "11.00", "original_bag": "{\"18\": 1}", "stripe_pid": "pi_3L4kEWDTTbEOeSX821eA4KPl"}}, {"model": "checkout.order", "pk": 21, "fields": {"order_number": "D007E454B20A4B4981B9677B11F0ADF6", "user_profile": 2, "full_name": "te te", "email": "test@gmail.com", "phone_number": "1111111", "country": "DE", "postcode": null, "town_or_city": "Berlin", "street_address1": "rurur str. 2", "street_address2": null, "county": null, "date": "2022-05-29T11:25:29.375Z", "delivery_cost": "0.00", "order_total": "299.00", "grand_total": "299.00", "original_bag": "{\"4\": 1}", "stripe_pid": "pi_3L4kEuDTTbEOeSX83nn9mv6p"}}, {"model": "checkout.order", "pk": 22, "fields": {"order_number": "0F445EEC1A2B4287956789CA7CDCEEF4", "user_profile": 2, "full_name": "tt tt", "email": "test@gmail.com", "phone_number": "1111111", "country": "DE", "postcode": null, "town_or_city": "Berlin", "street_address1": "rurur str. 2", "street_address2": null, "county": null, "date": "2022-05-29T11:27:53.095Z", "delivery_cost": "0.00", "order_total": "69.00", "grand_total": "69.00", "original_bag": "{\"8\": 1}", "stripe_pid": "pi_3L4kH4DTTbEOeSX80fRLjOfv"}}, {"model": "checkout.order", "pk": 23, "fields": {"order_number": "6AF920AC463245FE9F090B42599CE832", "user_profile": null, "full_name": "test", "email": "test@email.com", "phone_number": "55555555", "country": "BY", "postcode": null, "town_or_city": "test", "street_address1": "test", "street_address2": null, "county": null, "date": "2022-05-29T11:30:10.004Z", "delivery_cost": "0.00", "order_total": "100.00", "grand_total": "100.00", "original_bag": "{\"1\": 1}", "stripe_pid": "pi_3L4kJbDTTbEOeSX81B4ufyMt"}}, {"model": "checkout.order", "pk": 24, "fields": {"order_number": "7929CB16C3EE443FACCEBE5DF14B2888", "user_profile": 2, "full_name": "tt tt", "email": "test@gmail.com", "phone_number": "1111111", "country": "DE", "postcode": null, "town_or_city": "Berlin", "street_address1": "rurur str. 2", "street_address2": null, "county": null, "date": "2022-05-29T11:37:52.096Z", "delivery_cost": "0.00", "order_total": "199.00", "grand_total": "199.00", "original_bag": "{\"2\": 1}", "stripe_pid": "pi_3L4kR9DTTbEOeSX81iqTBIeg"}}, {"model": "checkout.order", "pk": 25, "fields": {"order_number": "F545782A68F64B66AE619147AF697ECB", "user_profile": 2, "full_name": "dd dd", "email": "test@gmail.com", "phone_number": "1111111", "country": "DE", "postcode": null, "town_or_city": "Berlin", "street_address1": "rurur str. 2", "street_address2": null, "county": null, "date": "2022-05-29T11:45:22.957Z", "delivery_cost": "2.90", "order_total": "29.00", "grand_total": "31.90", "original_bag": "{\"7\": 1}", "stripe_pid": "pi_3L4kYQDTTbEOeSX83Lo4W5xw"}}, {"model": "checkout.orderlineitem", "pk": 3, "fields": {"order": 2, "product": 4, "product_size": null, "quantity": 1, "lineitem_total": "299.00"}}, {"model": "checkout.orderlineitem", "pk": 4, "fields": {"order": 3, "product": 2, "product_size": null, "quantity": 1, "lineitem_total": "199.00"}}, {"model": "checkout.orderlineitem", "pk": 5, "fields": {"order": 3, "product": 17, "product_size": null, "quantity": 3, "lineitem_total": "45.00"}}, {"model": "checkout.orderlineitem", "pk": 6, "fields": {"order": 3, "product": 20, "product_size": null, "quantity": 1, "lineitem_total": "149.00"}}, {"model": "checkout.orderlineitem", "pk": 7, "fields": {"order": 4, "product": 2, "product_size": null, "quantity": 1, "lineitem_total": "199.00"}}, {"model": "checkout.orderlineitem", "pk": 8, "fields": {"order": 5, "product": 4, "product_size": null, "quantity": 1, "lineitem_total": "299.00"}}, {"model": "checkout.orderlineitem", "pk": 9, "fields": {"order": 6, "product": 7, "product_size": null, "quantity": 2, "lineitem_total": "58.00"}}, {"model": "checkout.orderlineitem", "pk": 10, "fields": {"order": 7, "product": 4, "product_size": null, "quantity": 1, "lineitem_total": "299.00"}}, {"model": "checkout.orderlineitem", "pk": 11, "fields": {"order": 8, "product": 8, "product_size": null, "quantity": 3, "lineitem_total": "207.00"}}, {"model": "checkout.orderlineitem", "pk": 12, "fields": {"order": 9, "product": 7, "product_size": null, "quantity": 1, "lineitem_total": "29.00"}}, {"model": "checkout.orderlineitem", "pk": 13, "fields": {"order": 10, "product": 8, "product_size": null, "quantity": 1, "lineitem_total": "69.00"}}, {"model": "checkout.orderlineitem", "pk": 14, "fields": {"order": 11, "product": 4, "product_size": null, "quantity": 1, "lineitem_total": "299.00"}}, {"model": "checkout.orderlineitem", "pk": 15, "fields": {"order": 12, "product": 7, "product_size": null, "quantity": 1, "lineitem_total": "29.00"}}, {"model": "checkout.orderlineitem", "pk": 16, "fields": {"order": 13, "product": 2, "product_size": null, "quantity": 2, "lineitem_total": "398.00"}}, {"model": "checkout.orderlineitem", "pk": 17, "fields": {"order": 13, "product": 4, "product_size": null, "quantity": 1, "lineitem_total": "299.00"}}, {"model": "checkout.orderlineitem", "pk": 18, "fields": {"order": 14, "product": 7, "product_size": null, "quantity": 1, "lineitem_total": "29.00"}}, {"model": "checkout.orderlineitem", "pk": 19, "fields": {"order": 15, "product": 15, "product_size": null, "quantity": 1, "lineitem_total": "19.00"}}, {"model": "checkout.orderlineitem", "pk": 20, "fields": {"order": 16, "product": 2, "product_size": null, "quantity": 1, "lineitem_total": "199.00"}}, {"model": "checkout.orderlineitem", "pk": 21, "fields": {"order": 17, "product": 18, "product_size": null, "quantity": 1, "lineitem_total": "10.00"}}, {"model": "checkout.orderlineitem", "pk": 22, "fields": {"order": 18, "product": 2, "product_size": null, "quantity": 1, "lineitem_total": "199.00"}}, {"model": "checkout.orderlineitem", "pk": 23, "fields": {"order": 19, "product": 7, "product_size": null, "quantity": 1, "lineitem_total": "29.00"}}, {"model": "checkout.orderlineitem", "pk": 24, "fields": {"order": 20, "product": 18, "product_size": null, "quantity": 1, "lineitem_total": "10.00"}}, {"model": "checkout.orderlineitem", "pk": 25, "fields": {"order": 21, "product": 4, "product_size": null, "quantity": 1, "lineitem_total": "299.00"}}, {"model": "checkout.orderlineitem", "pk": 26, "fields": {"order": 22, "product": 8, "product_size": null, "quantity": 1, "lineitem_total": "69.00"}}, {"model": "checkout.orderlineitem", "pk": 27, "fields": {"order": 23, "product": 1, "product_size": null, "quantity": 1, "lineitem_total": "100.00"}}, {"model": "checkout.orderlineitem", "pk": 28, "fields": {"order": 24, "product": 2, "product_size": null, "quantity": 1, "lineitem_total": "199.00"}}, {"model": "checkout.orderlineitem", "pk": 29, "fields": {"order": 25, "product": 7, "product_size": null, "quantity": 1, "lineitem_total": "29.00"}}, {"model": "profiles.userprofile", "pk": 1, "fields": {"user": 1, "default_phone_number": null, "default_street_address1": null, "default_street_address2": null, "default_town_or_city": null, "default_county": null, "default_postcode": null, "default_country": null}}, {"model": "profiles.userprofile", "pk": 2, "fields": {"user": 2, "default_phone_number": "1111111", "default_street_address1": "rurur str. 2", "default_street_address2": null, "default_town_or_city": "Berlin", "default_county": null, "default_postcode": null, "default_country": "DE"}}, {"model": "profiles.userprofile", "pk": 3, "fields": {"user": 3, "default_phone_number": null, "default_street_address1": null, "default_street_address2": null, "default_town_or_city": null, "default_county": null, "default_postcode": null, "default_country": null}}]